# line_id	sentence_index	alternate phrasing (auditioned alongside the script sentence)
g4	3	But Hoeffding's D barely moves.
g10	1	Hoeffding's D asks something deeper.
q8	0	Hoeffding's trick is never to list them at all.
r3	4	Then we do the same thing for weight.
c2	2	An exact twin counts for just a quarter.
c6	0	Now take one of the tied people, ranked ninth in both.
c8	0	Hoeffding's D adds up how far these counts land from what independence would predict.
f1	0	In step three, everything folds into three separate sums.
f5	0	Now, let's plug in our ten people.
s2	0	These tick marks along the edges are called the marginals.
s7	0	Put the pairs back, and D comes right back too.
o3	2	The trade-off is that it looks at groups of points, rather than pairs.
o4	1	And the narration you're hearing was spoken by franken T T S.
g4	1	The three correlations collapse into the noise.
c2	1	A point tied in one coordinate earns half credit.
s8	1	We shuffle two thousand times, and record D each time.
s8	1	Shuffle two thousand times, recording D each time.
o4	1	And franken T T S spoke this narration.
o4	1	And this narration was spoken by franken T T S, from start to finish.
