hoef_base	This is Hoeffding's D.
hoef_huffding	This is Huffding's D.
hoef_huff_ding	This is Huff-ding's D.
hoef_hoffding	This is Hoffding's D.
hoef_herfding	This is Herfding's D.
spear_base	Spearman's rank correlation.
spear_speerman	Speerman's rank correlation.
spear_speer_mun	Speer-mun's rank correlation.
wass_base	Introduced by Wassily Hoeffding in nineteen forty-eight.
wass_vasily	Introduced by Vah-seely Huffding in nineteen forty-eight.
wass_vassily	Introduced by Vassily Huffding in nineteen forty-eight.
tau_base	And Kendall's tau.
tau_tao	And Kendall's tao.
tau_tow	And Kendall's tow, rhymes with cow.
manim_base	Rendered by franken manim.
manim_man_im	Rendered by franken man-im.
manim_mannim	Rendered by franken mannim.
